Region,Condition 1 count,Condition 2 count,edgeR p-value
GeneC,100,25,7.93683868483e-18
GeneA,15,60,0.000335141277113
GeneD,20,20,0.287569583671
GeneB,20,30,1.0
