Region,Condition 1 count,Condition 2 count,edgeR p-value
GeneC,100,25,1.98420967121e-18
GeneA,15,60,0.000167570638557
GeneD,20,20,0.215677187753
GeneB,20,30,1.0
